,id,name,username,email
0,1,Leanne Graham,Bret,Sincere@april.biz
1,2,Ervin Howell,Antonette,Shanna@melissa.tv
2,3,Clementine Bauch,Samantha,Nathan@yesenia.net
3,4,Patricia Lebsack,Karianne,Julianne.OConner@kory.org
4,5,Chelsey Dietrich,Kamren,Lucio_Hettinger@annie.ca
5,6,Mrs. Dennis Schulist,Leopoldo_Corkery,Karley_Dach@jasper.info
6,7,Kurtis Weissnat,Elwyn.Skiles,Telly.Hoeger@billy.biz
7,8,Nicholas Runolfsdottir V,Maxime_Nienow,Sherwood@rosamond.me
8,9,Glenna Reichert,Delphine,Chaim_McDermott@dana.io
9,10,Clementina DuBuque,Moriah.Stanton,Rey.Padberg@karina.biz
